Name,Platform,MSRP,Sale Price,Buy Digital,Buy Physical,Demo Available,DLC,Publisher,Developer,ESRB,Release Date,No. of Players,Rom File Size,Switch Online Play,Switch Online Save,Switch Online App,Action,Adventure,Application,Education,First-Person,Fitness,Music,Party,Puzzle,Racing,Role-Playing,Simulation,Sports,Strategy,M,u,l,t,i,p,l,a,y,e,r,Store Link,Official Site,Time Data Retrieved (UTC)
Pokémon Shield,Nintendo Switch,,,,True,,,Nintendo,GAME FREAK Inc.,Rating Pending,TBD,To be determined,,,,,,True,,,,,,,,,True,,,,True,True,True,True,True,True,True,True,True,True,True,https://www.nintendo.com/games/detail/pokemon-shield-switch,http://Pokemon.com/SwordShield,2019-05-15 01:28:50
Pokémon Sword,Nintendo Switch,,,,True,,,Nintendo,GAME FREAK Inc.,Rating Pending,TBD,To be determined,,,,,,True,,,,,,,,,True,,,,True,True,True,True,True,True,True,True,True,True,True,https://www.nintendo.com/games/detail/pokemon-sword-switch,http://Pokemon.com/SwordShield,2019-05-15 01:28:51
The Legend of Zelda: Link's Awakening,Nintendo Switch,,,,,,,Nintendo,,Rating Pending,2019,To be determined,,,,,True,True,,,,,,,,,True,,,,,True,True,True,True,True,True,True,True,True,True,https://www.nintendo.com/games/detail/the-legend-of-zelda-links-awakening-switch,,2019-05-15 01:28:52
DRAGON QUEST XI S: Echoes of an Elusive Age - Definitive Edition,Nintendo Switch,,,,True,,,Nintendo,"SQUARE ENIX CO., LTD.",Rating Pending,Fall 2019,1 player,,,,,,,,,,,,,,,True,,,,,True,True,True,True,True,True,True,True,True,True,https://www.nintendo.com/games/detail/dragon-quest-xi-s-echoes-of-an-elusive-age-definitive-edition-switch,,2019-05-15 01:28:52
ASTRAL CHAIN,Nintendo Switch,,,True,,,,Nintendo,PlatinumGames Inc,Rating Pending,"Aug 30, 2019",up to 2 players,,,,,True,,,,,,,,,,,,,,,True,True,True,True,True,True,True,True,True,True,https://www.nintendo.com/games/detail/astral-chain-switch,,2019-05-15 01:28:53
DAEMON X MACHINA,Nintendo Switch,,,,True,,,Nintendo,Marvelous Entertainment,Rating Pending,Summer 2019,1 player,,,,,True,,,,,,,,,,,,,,True,True,True,True,True,True,True,True,True,True,True,https://www.nintendo.com/games/detail/daemon-x-machina-switch,,2019-05-15 01:28:53
Fire Emblem: Three Houses - Seasons of Warfare Edition,Nintendo Switch,,,,True,,,Nintendo,,Rating Pending,"Jul 26, 2019",To be determined,,,,,,True,,,,,,,,,,,,,,True,True,True,True,True,True,True,True,True,True,https://www.nintendo.com/games/detail/fire-emblem-three-houses-seasons-of-warfare-edition-switch,,2019-05-15 01:28:54
Fire Emblem: Three Houses,Nintendo Switch,,,,True,,,Nintendo,,Rating Pending,"Jul 26, 2019",To be determined,,,,,,True,,,,,,,,,,,,,,True,True,True,True,True,True,True,True,True,True,https://www.nintendo.com/games/detail/fire-emblem-three-houses-switch,,2019-05-15 01:28:54
MARVEL ULTIMATE ALLIANCE 3: The Black Order,Nintendo Switch,$59.99,,True,True,,,Nintendo,"KOEI TECMO GAMES CO., LTD., 
                    
                        Team NINJA",Teen,"Jul 19, 2019",up to 4 players,,,,,True,,,,,,,,,,True,,,,True,True,True,True,True,True,True,True,True,True,True,https://www.nintendo.com/games/detail/marvel-ultimate-alliance-3-the-black-order-switch,https://marvelultimatealliance3.nintendo.com/,2019-05-15 01:28:55
DRAGON QUEST BUILDERS 2,Nintendo Switch,,,,True,,,Nintendo,"SQUARE ENIX CO., LTD.",Everyone 10+,"Jul 12, 2019",up to 4 players,,,,,True,True,,,,,,,,,True,,,,,True,True,True,True,True,True,True,True,True,True,https://www.nintendo.com/games/detail/dragon-quest-builders-2-switch,,2019-05-15 01:28:55
Super Mario Maker 2,Nintendo Switch,,,True,True,,,Nintendo,Nintendo,Everyone,"Jun 28, 2019",To be determined,,,,,True,,,,,,,,,,,,,,,True,True,True,True,True,True,True,True,True,True,https://www.nintendo.com/games/detail/super-mario-maker-2-switch,https://supermariomaker.nintendo.com,2019-05-15 01:28:56
BOXBOY! + BOXGIRL!,Nintendo Switch,$9.99,,True,,True,,Nintendo,"HAL Laboratory, Inc.",Everyone,"Apr 26, 2019",up to 2 players,543 MB,,,,,,,,,,,,True,,,,,,True,True,True,True,True,True,True,True,True,True,True,https://www.nintendo.com/games/detail/boxboy-and-boxgirl-switch,https://boxboy.nintendo.com/,2019-05-15 01:28:57
Yoshi's Crafted World,Nintendo Switch,$59.99,,True,True,True,,Nintendo,Good-Feel,Everyone,"Mar 28, 2019",up to 2 players,5.3 GB,,,,True,,,,,,,,,,,,,,True,True,True,True,True,True,True,True,True,True,True,https://www.nintendo.com/games/detail/yoshis-crafted-world-switch,https://yoshiscraftedworld.nintendo.com/,2019-05-15 01:28:57
Tetris® 99,Nintendo Switch,$0.00,,True,,,True,Nintendo,ARIKA,Everyone,"Feb 12, 2019",up to 99 players,244 MB,True,True,,,,,,,,,,True,,,,,,True,True,True,True,True,True,True,True,True,True,True,https://www.nintendo.com/games/detail/tetris-99-switch,https://tetris99.nintendo.com/,2019-05-15 01:28:58
New Super Mario Bros. U Deluxe,Nintendo Switch,$59.99,,True,True,,,Nintendo,,Everyone,"Jan 10, 2019",up to 4 players,2.5 GB,,,,True,True,,,,,,,,,,,,,True,True,True,True,True,True,True,True,True,True,True,https://www.nintendo.com/games/detail/new-super-mario-bros-u-deluxe-switch,https://newsupermariobrosu.nintendo.com/,2019-05-15 01:28:58
Fitness Boxing,Nintendo Switch,$49.99,,True,True,True,,Nintendo,,Teen,"Jan 03, 2019",up to 2 players,1.0 GB,,,,,,,,,,True,,,,,,True,,True,True,True,True,True,True,True,True,True,True,True,https://www.nintendo.com/games/detail/fitness-boxing-switch,,2019-05-15 01:28:59
Super Smash Bros. Ultimate,Nintendo Switch,$59.99,,True,True,,True,Nintendo,Nintendo / Sora Ltd. / BANDAI NAMCO Studios Inc,Everyone 10+,"Dec 06, 2018",up to 8 players,14.2 GB,True,True,True,True,,,,,,,,,,,,,,True,True,True,True,True,True,True,True,True,True,True,https://www.nintendo.com/games/detail/super-smash-bros-switch,https://www.smashbros.com/,2019-05-15 01:29:00
Super Smash Bros. Ultimate Special Edition,Nintendo Switch,$139.99,,,True,,True,Nintendo,Nintendo / Sora Ltd. / BANDAI NAMCO Studios Inc,Everyone 10+,"Dec 06, 2018",up to 8 players,,True,True,True,True,,,,,,,,,,,,,,True,True,True,True,True,True,True,True,True,True,True,https://www.nintendo.com/games/detail/super-smash-bros-ultimate-special-edition-switch,https://www.smashbros.com/,2019-05-15 01:29:00
"Pokémon: Let's Go, Pikachu!",Nintendo Switch,$59.99,,True,True,True,,Nintendo,GAME FREAK Inc.,Everyone,"Nov 15, 2018",up to 2 players,4.2 GB,True,,,,True,,,,,,,,,True,,,,True,True,True,True,True,True,True,True,True,True,True,https://www.nintendo.com/games/detail/pokemon-lets-go-pikachu-switch,https://pokemonletsgo.pokemon.com/en-us/,2019-05-15 01:29:01
"Pokémon: Let's Go, Eevee!",Nintendo Switch,$59.99,,True,True,True,,Nintendo,GAME FREAK Inc.,Everyone,"Nov 15, 2018",up to 2 players,4.2 GB,True,,,,True,,,,,,,,,True,,,,True,True,True,True,True,True,True,True,True,True,True,https://www.nintendo.com/games/detail/pokemon-lets-go-eevee-switch,https://pokemonletsgo.pokemon.com/en-us/,2019-05-15 01:29:01
Super Mario Party Bundle,Nintendo Switch,$99.99,,,True,,,Nintendo,Nintendo,Everyone,"Nov 15, 2018",up to 4 players,,True,True,,,,,,,,,True,,,,,,,True,True,True,True,True,True,True,True,True,True,True,https://www.nintendo.com/games/detail/super-mario-party-bundle-switch,https://supermarioparty.nintendo.com/,2019-05-15 01:29:02
DARK SOULS™: REMASTERED,Nintendo Switch,$39.99,,True,True,,,BANDAI NAMCO Entertainment,FromSoftware,Mature,"Oct 18, 2018",up to 6 players,4.0 GB,True,,,True,True,,,,,,,,,,,,,True,True,True,True,True,True,True,True,True,True,True,https://www.nintendo.com/games/detail/dark-souls-remastered-switch,,2019-05-15 01:29:02
The World Ends with You: Final Remix,Nintendo Switch,$49.99,,True,True,,,Nintendo,"SQUARE ENIX CO., LTD.",Teen,"Oct 11, 2018",up to 2 players,2.4 GB,,,,,,,,,,,,,,True,,,,,True,True,True,True,True,True,True,True,True,True,https://www.nintendo.com/games/detail/the-world-ends-with-you-final-remix-switch,,2019-05-15 01:29:03
Super Mario Party,Nintendo Switch,$59.99,,True,True,,,Nintendo,Nintendo,Everyone,"Oct 04, 2018",up to 4 players,2.8 GB,True,True,,,,,,,,,True,,,,,,,True,True,True,True,True,True,True,True,True,True,True,https://www.nintendo.com/games/detail/super-mario-party-switch,https://supermarioparty.nintendo.com/,2019-05-15 01:29:03
Kirby's Extra Epic Yarn,Nintendo 3DS,$39.99,,True,True,True,,Nintendo,,Everyone,"Mar 07, 2019",1 player,11656 Blocks,,,,True,True,,,,,,,,,,,,,True,True,True,True,True,True,True,True,True,True,True,https://www.nintendo.com/games/detail/kirbys-extra-epic-yarn-3ds,,2019-05-15 01:29:04
YO-KAI WATCH 3,Nintendo 3DS,$39.99,,True,True,,,Nintendo,LEVEL-5,Everyone 10+,"Feb 07, 2019",up to 4 players,27067 Blocks,,,,,True,,,,,,,,,True,,,,,True,True,True,True,True,True,True,True,True,True,https://www.nintendo.com/games/detail/yo-kai-watch-3-3ds,https://yo-kai.nintendo.com,2019-05-15 01:29:05
Mario & Luigi: Bowser's Inside Story + Bowser Jr's Journey,Nintendo 3DS,$39.99,,True,True,,,Nintendo,,Everyone,"Jan 10, 2019",1 player,5553 Blocks,,,,True,True,,,,,,,,,True,,,,,True,True,True,True,True,True,True,True,True,True,https://www.nintendo.com/games/detail/mario-and-luigi-bowsers-inside-story-3ds,https://marioandluigibowsersinsidestory.nintendo.com/,2019-05-15 01:29:05
Luigi's Mansion,Nintendo 3DS,$39.99,,True,True,,,Nintendo,Nintendo / Grezzo,Everyone,"Oct 11, 2018",up to 2 players,1772 Blocks,,,,True,True,,,,,,,,,,,,,,True,True,True,True,True,True,True,True,True,True,https://www.nintendo.com/games/detail/luigis-mansion-3ds,http://luigismansion.nintendo.com/,2019-05-15 01:29:06
Metroid: Samus Returns,Nintendo 3DS,,,True,True,,,Nintendo,MercurySteam Entertainment / Nintendo,Everyone 10+,"Sep 14, 2017",1 player,5452 Blocks,,,,True,,,,,,,,,,,,,,True,True,True,True,True,True,True,True,True,True,True,https://www.nintendo.com/games/detail/metroid-samus-returns-3ds,https://metroidsamusreturns.nintendo.com/,2019-05-15 01:29:06
Shovel Knight: King of Cards,Nintendo 3DS,,,,,,,Yacht Club Games,Yacht Club Games,Everyone,2019,1 player,,,,,True,True,,,,,,,,,,,,,,True,True,True,True,True,True,True,True,True,True,https://www.nintendo.com/games/detail/shovel-knight-king-of-cards-3ds,http://www.shovelknight.com,2019-05-15 01:29:07
Persona Q2: New Cinema Labyrinth,Nintendo 3DS,$39.99,,True,True,,,Sega,Atlus,Mature,"Jun 04, 2019",1 player,,,,,,True,,,,,,,,,True,,,,,True,True,True,True,True,True,True,True,True,True,https://www.nintendo.com/games/detail/persona-q2-new-cinema-labyrinth-3ds,https://atlus.com/personaq2/,2019-05-15 01:29:07
Horror Stories,Nintendo 3DS,$3.99,,True,,True,,RandomSpin,RandomSpin,Teen,"Mar 21, 2019",1 player,252 Blocks,,,,True,,,,,,,,True,,,,,,True,True,True,True,True,True,True,True,True,True,True,https://www.nintendo.com/games/detail/horror-stories-3ds,,2019-05-15 01:29:08
Pinball Breaker,Nintendo 3DS,$6.99,,True,,,,nuGAME,nuGAME,Everyone,"Feb 14, 2019",1 player,455 Blocks,,,,,,,,,,,,,,,,,,True,True,True,True,True,True,True,True,True,True,True,https://www.nintendo.com/games/detail/pinball-breaker-3ds,,2019-05-15 01:29:08
Love Hero,New Nintendo 3DS systems only,$1.00,,True,,,,Batafurai,Butterfly,Everyone,"Feb 14, 2019",1 player,656 Blocks,,,,,,,,,,,,,,,,,True,,True,True,True,True,True,True,True,True,True,True,https://www.nintendo.com/games/detail/love-hero-3ds,,2019-05-15 01:29:09
Vera Swings,New Nintendo 3DS systems only,$5.99,,True,,,,,Brett Yeager,Everyone,"Feb 07, 2019",1 player,870 Blocks,,,,True,True,,,,,,,,,,,,,,True,True,True,True,True,True,True,True,True,True,https://www.nintendo.com/games/detail/vera-swings-3ds,,2019-05-15 01:29:10
Etrian Odyssey Nexus,Nintendo 3DS,$39.99,,True,True,,,Sega,Atlus,Teen,"Feb 05, 2019",1 player,6575 Blocks,,,,,,,,,,,,,,True,,,,,True,True,True,True,True,True,True,True,True,True,https://www.nintendo.com/games/detail/etrian-odyssey-nexus-3ds,https://atlus.com/etriannexus/,2019-05-15 01:29:10
Azure Snake,Nintendo 3DS,$0.99,,True,,,,RandomSpin,RandomSpin,Everyone,"Jan 24, 2019",1 player,219 Blocks,,,,,,,,,,,,,,,,,,,True,True,True,True,True,True,True,True,True,True,https://www.nintendo.com/games/detail/azure-snake-3ds,,2019-05-15 01:29:11
Phasmophobia: Hall of Specters 3D,New Nintendo 3DS systems only,$2.99,,True,,,,In-D Gaming,In-D Gaming,Teen,"Jan 17, 2019",1 player,286 Blocks,,,,True,,,,,,,,,,,,,,,True,True,True,True,True,True,True,True,True,True,https://www.nintendo.com/games/detail/phasmophobia-hall-of-specters-3d-3ds,,2019-05-15 01:29:11
Dragon's Wrath,Nintendo 3DS,$4.99,,True,,,,Gamers Digital,Codeglue,Everyone 10+,"Jan 17, 2019",1 player,575 Blocks,,,,,,,,,,,,,,,,,,,True,True,True,True,True,True,True,True,True,True,https://www.nintendo.com/games/detail/dragons-wrath-3ds,,2019-05-15 01:29:12
Operation COBRA,New Nintendo 3DS systems only,$2.99,,True,,,,Bidement Entertainment,StickBit,Teen,"Jan 11, 2019",1 player,396 Blocks,,,,True,,,,True,,,,,,,,,,,True,True,True,True,True,True,True,True,True,True,https://www.nintendo.com/games/detail/operation-cobra-3ds,,2019-05-15 01:29:12
RTO 3,Nintendo 3DS,$9.99,,True,,,,nuGAME,nuGAME,Teen,"Jan 03, 2019",1 player,704 Blocks,,,,True,,,,True,,,,,,,,,,True,True,True,True,True,True,True,True,True,True,True,https://www.nintendo.com/games/detail/rto-3-3ds,,2019-05-15 01:29:13
PixelMaker Studio,Nintendo 3DS,$9.99,,True,,,,Undefined,Undefined,Everyone,"Nov 29, 2018",1 player,221 Blocks,,,,,,,True,,,,,,,,,,,,True,True,True,True,True,True,True,True,True,True,https://www.nintendo.com/games/detail/pixelmaker-studio-3ds,,2019-05-15 01:29:14
RTO 2,Nintendo 3DS,$9.99,,True,,,,nuGAME,nuGAME,Everyone 10+,"Nov 22, 2018",1 player,778 Blocks,,,,True,,,,True,,,,,,,,,,True,True,True,True,True,True,True,True,True,True,True,https://www.nintendo.com/games/detail/rto-2-3ds,,2019-05-15 01:29:14
Japanese Rail Sim 3D 5 types of trains,Nintendo 3DS,$19.99,,True,,,,"Sonic Powered Co.,Ltd.",Sonic Powered,Everyone,"Nov 22, 2018",1 player,11909 Blocks,,,,,,,,,,,,,,,True,,,,True,True,True,True,True,True,True,True,True,True,https://www.nintendo.com/games/detail/japanese-rail-sim-3d-5-types-of-trains-3ds,,2019-05-15 01:29:15
Pinball Breakout 2,Nintendo 3DS,$7.00,,True,,,,nuGAME,nuGAME,Everyone,"Nov 15, 2018",1 player,590 Blocks,,,,,,,,,,,,,,,,,,True,True,True,True,True,True,True,True,True,True,True,https://www.nintendo.com/games/detail/pinball-breakout-2-3ds,,2019-05-15 01:29:15
Cube Creator DX,Nintendo 3DS,$11.99,,True,,,,Big John Games,Big John Games,Everyone 10+,"Nov 08, 2018",up to 4 players,510 Blocks,,,,True,True,,,,,,,,,,,,,True,True,True,True,True,True,True,True,True,True,True,https://www.nintendo.com/games/detail/cube-creator-dx-3ds,,2019-05-15 01:29:16
Insect Planet TD,Nintendo 3DS,$2.99,,True,,,,RandomSpin,RandomSpin,Everyone 10+,"Oct 25, 2018",1 player,260 Blocks,,,,,,,,,,,,True,,,,,True,,True,True,True,True,True,True,True,True,True,True,https://www.nintendo.com/games/detail/insect-planet-td-3ds,,2019-05-15 01:29:17
Petite Zombies,Nintendo 3DS,$0.99,,True,,,,RandomSpin,RandomSpin,Everyone 10+,"Oct 18, 2018",1 player,227 Blocks,,,,,,,,,,,,,,,,,,,True,True,True,True,True,True,True,True,True,True,https://www.nintendo.com/games/detail/petite-zombies-3ds,,2019-05-15 01:29:17
Triple Breakout,Nintendo 3DS,,,True,,,,nuGAME,nuGAME,Everyone,"Oct 11, 2018",1 player,457 Blocks,,,,,,,,,,,,,,,,,,True,True,True,True,True,True,True,True,True,True,True,https://www.nintendo.com/games/detail/triple-breakout-3ds,,2019-05-15 01:29:18
The Legend of Zelda: Breath of the Wild,Wii U,$59.99,,True,True,,,Nintendo,Nintendo,Everyone 10+,"Mar 02, 2017",1 player,,,,,True,True,,,,,,,,,,,,,True,True,True,True,True,True,True,True,True,True,True,https://www.nintendo.com/games/detail/the-legend-of-zelda-breath-of-the-wild-wii-u,http://www.zelda.com/breath-of-the-wild,2019-05-15 01:29:19
Shovel Knight: King of Cards,Wii U,,,,,,,Yacht Club Games,Yacht Club Games,Everyone,2019,1 player,,,,,True,True,,,,,,,,,,,,,,True,True,True,True,True,True,True,True,True,True,https://www.nintendo.com/games/detail/shovel-knight-king-of-cards-wii-u,http://www.shovelknight.com,2019-05-15 01:29:19
El Silla - Arcade Edition,Wii U,$1.00,,True,,,,Markanime Studios,Markanime Studios,Everyone,"Apr 15, 2019",1 player,,,,,,,,,,,,,,,,,,,True,True,True,True,True,True,True,True,True,True,True,https://www.nintendo.com/games/detail/el-silla-arcade-edition-wii-u,http://www.elsilla.com,2019-05-15 01:29:20
PixelMaker Studio,Wii U,$9.99,,True,,,,Undefined,Undefined,Everyone,"Mar 21, 2019",1 player,,,,,,,,True,,,,,,,,,,,True,True,True,True,True,True,True,True,True,True,True,https://www.nintendo.com/games/detail/pixelmaker-studio-wii-u,,2019-05-15 01:29:21
Sinister Assistant,Wii U,$3.99,,True,,,,Ultra Dolphin Revolution,Ultra Dolphin Rev,Everyone,"Feb 14, 2019",1 player,,,,,True,True,,,,,,,,,,,,,,True,True,True,True,True,True,True,True,True,True,https://www.nintendo.com/games/detail/sinister-assistant-wii-u,,2019-05-15 01:29:21
Azure Snake,Wii U,$0.99,,True,,,,RandomSpin,RandomSpin,Everyone,"Jan 24, 2019",1 player,,,,,,,,,,,,,,,,,,,,True,True,True,True,True,True,True,True,True,True,https://www.nintendo.com/games/detail/azure-snake-wii-u,,2019-05-15 01:29:22
Call of Nightmare,Wii U,$0.99,,True,,,,RandomSpin,Nightmare Games,Teen,"Dec 06, 2018",1 player,,,,,True,True,,,True,,,,,,,,,,,True,True,True,True,True,True,True,True,True,True,https://www.nintendo.com/games/detail/call-of-nightmare-wii-u,,2019-05-15 01:29:23
Just Dance 2019,Wii U,$39.99,,True,True,,,Ubisoft,,Everyone,"Oct 23, 2018",up to 6 players,,,,,,,,,,,True,True,,,,,,,True,True,True,True,True,True,True,True,True,True,True,https://www.nintendo.com/games/detail/just-dance-2019-wii-u,,2019-05-15 01:29:23
Masked Forces,Wii U,$2.99,,True,,,,R.G.B.,R.G.B. SRL,Mature,"May 31, 2018",1 player,,,,,True,,,,True,,,,,,,,,,True,True,True,True,True,True,True,True,True,True,True,https://www.nintendo.com/games/detail/masked-forces-wii-u,,2019-05-15 01:29:24
Rainbow Snake,Wii U,$0.99,,True,,,,RandomSpin,RandomSpin,Everyone,"May 03, 2018",1 player,,,,,,,,,,,,,,,,,,,True,True,True,True,True,True,True,True,True,True,True,https://www.nintendo.com/games/detail/rainbow-snake-wii-u,,2019-05-15 01:29:25
Aqua Moto Racing Utopia,Wii U,$9.99,,True,,,,Zordix AB,Zordix,Everyone,"Apr 19, 2018",up to 4 players,,,,,True,,,,,,,,,True,,True,True,,,True,True,True,True,True,True,True,True,True,True,https://www.nintendo.com/games/detail/aqua-moto-racing-utopia-wii-u,,2019-05-15 01:29:25
Shadow Archery,Wii U,,,True,,,,Ultra Dolphin Revolution,Ultra Dolphin Rev,Everyone,"Apr 12, 2018",1 player,,,,,True,,,,,,,,,,,,,,,True,True,True,True,True,True,True,True,True,True,https://www.nintendo.com/games/detail/shadow-archery-wii-u,,2019-05-15 01:29:26
Spellcaster's Assistant,Wii U,$3.99,,True,,,,Ultra Dolphin Revolution,Ultra Dolphin Rev,Everyone,"Mar 29, 2018",1 player,,,,,True,,,,,,,,,,,,,,True,True,True,True,True,True,True,True,True,True,True,https://www.nintendo.com/games/detail/spellcasters-assistant-wii-u,,2019-05-15 01:29:27
RTO 2,Wii U,$9.99,,True,,,,nuGAME,nuGAME,Everyone 10+,"Mar 01, 2018",1 player,,,,,True,,,,True,,,,,,,,,,True,True,True,True,True,True,True,True,True,True,True,https://www.nintendo.com/games/detail/rto-2-wii-u,,2019-05-15 01:29:27
Fat Dragons,Wii U,$0.99,,True,,,,Undefined,Undefined,Everyone,"Feb 22, 2018",1 player,,,,,True,,,,,,,,,,,,,,,True,True,True,True,True,True,True,True,True,True,https://www.nintendo.com/games/detail/fat-dragons-wii-u,,2019-05-15 01:29:28
Aperion Cyberstorm,Wii U,$13.49,,True,,,,aPriori Digital,aPriori Digital,Everyone 10+,"Feb 08, 2018",up to 5 players,,,,,True,,,,True,,,,,,,,,,True,True,True,True,True,True,True,True,True,True,True,https://www.nintendo.com/games/detail/aperion-cyberstorm-wii-u,https://aprioridigital.com/aperion-cyberstorm,2019-05-15 01:29:29
IMAGEFIGHT 2,Wii U,$7.99,,True,,,,Konami,,Everyone,"Feb 08, 2018",1 player,,,,,True,,,,True,,,,,,,,,,,True,True,True,True,True,True,True,True,True,True,https://www.nintendo.com/games/detail/imagefight-2-wii-u,,2019-05-15 01:29:29
IMAGEFIGHT,Wii U,$5.99,,True,,,,Konami,,Everyone,"Feb 08, 2018",1 player,,,,,True,,,,True,,,,,,,,,,,True,True,True,True,True,True,True,True,True,True,https://www.nintendo.com/games/detail/imagefight-wii-u,,2019-05-15 01:29:30
Battle Chopper,Wii U,$5.99,,True,,,,Konami,,Everyone,"Feb 01, 2018",1 player,,,,,True,,,,True,,,,,,,,,,,True,True,True,True,True,True,True,True,True,True,https://www.nintendo.com/games/detail/battle-chopper-wii-u,,2019-05-15 01:29:30
Toon War,Wii U,$9.99,,True,,,,Lemondo Games,Lemondo Games,Teen,"Feb 01, 2018",up to 2 players,,,,,True,True,,,True,,,,,,,,,,,True,True,True,True,True,True,True,True,True,True,https://www.nintendo.com/games/detail/toon-war-wii-u,https://www.toonwar-game.com/,2019-05-15 01:29:31
NECROMANCER,Wii U,$5.99,,True,,,,Konami,,Teen,"Feb 01, 2018",1 player,,,,,,True,,,,,,,,,True,,,,,True,True,True,True,True,True,True,True,True,True,https://www.nintendo.com/games/detail/necromancer-wii-u,,2019-05-15 01:29:32
Jolt Family Robot Racer,Wii U,$5.99,,True,,,,Cooply,Cooply Solutions Ltd,Everyone,"Jan 11, 2018",up to 4 players,,,,,,,,,,,,True,,True,,,,,True,True,True,True,True,True,True,True,True,True,True,https://www.nintendo.com/games/detail/jolt-family-robot-racer-wii-u,,2019-05-15 01:29:32
RTO,Wii U,$9.99,,True,,,,nuGAME,nuGAME,Everyone 10+,"Dec 07, 2017",1 player,,,,,True,,,,True,,,,,,,,,,True,True,True,True,True,True,True,True,True,True,True,https://www.nintendo.com/games/detail/rto-wii-u,,2019-05-15 01:29:33
Bomberman '93,Wii U,$5.99,,True,,,,Konami,,Everyone,"Nov 30, 2017",up to 5 players,,,,,True,,,,,,,,,,,,,,True,True,True,True,True,True,True,True,True,True,True,https://www.nintendo.com/games/detail/bomberman-93-wii-u,,2019-05-15 01:29:34
BATTLE LODE RUNNER,Wii U,$5.99,,True,,,,Kaasa solution  GmbH,,Everyone,"Nov 30, 2017",up to 5 players,,,,,True,,,,,,,,,,,,,,True,True,True,True,True,True,True,True,True,True,True,https://www.nintendo.com/games/detail/battle-lode-runner-wii-u,,2019-05-15 01:29:35
Dragalia Lost,iOS,$0.00,,True,,,,Nintendo,Nintendo / Cygames,Teen,"Sep 27, 2018",1 player,,,,,True,,,,,,,,,,True,,,,,True,True,True,True,True,True,True,True,True,True,https://www.nintendo.com/games/detail/dragalia-lost-ios,https://dragalialost.com/en/,2019-05-15 01:29:35
Animal Crossing: Pocket Camp,iOS,$0.00,,True,,,,Nintendo,,Everyone,"Nov 22, 2017",1 player,,,,,,,,,,,,,,,,True,,,,True,True,True,True,True,True,True,True,True,True,https://www.nintendo.com/games/detail/animal-crossing-pocket-camp-ios,https://events.ac-pocketcamp.com/en-US/notify_me,2019-05-15 01:29:36
SUPER MARIO RUN,iOS,$9.99,,True,,,,Nintendo,,,"Dec 15, 2016",1 player,,,,,True,True,,,,,,,,,,,,,,True,True,True,True,True,True,True,True,True,True,https://www.nintendo.com/games/detail/super-mario-run-ios,https://supermariorun.com/,2019-05-15 01:29:36
Nintendo Switch Online,iOS,,,True,,,,Nintendo,,,"Jul 21, 2017",1 player,,,,,,,True,,,,,,,,,,,,,True,True,True,True,True,True,True,True,True,True,https://www.nintendo.com/games/detail/nintendo-switch-online-ios,,2019-05-15 01:29:37
Nintendo Switch Parental Controls,iOS,$0.00,,True,,,,Nintendo,,,"Mar 02, 2017",1 player,,,,,,,True,,,,,,,,,,,,True,True,True,True,True,True,True,True,True,True,True,https://www.nintendo.com/games/detail/nintendo-switch-parental-controls-ios,,2019-05-15 01:29:38
Fire Emblem Heroes,iOS,$0.00,,True,,,,Nintendo,Intelligent Systems,Teen,"Feb 02, 2017",1 player,,,,,,,,,,,,,,,True,True,,,,True,True,True,True,True,True,True,True,True,True,https://www.nintendo.com/games/detail/fire-emblem-heroes-ios,https://fire-emblem-heroes.com/en/,2019-05-15 01:29:38
Miitomo,iOS,$0.00,,,,,,Nintendo,,Everyone,"Mar 31, 2016",1 player,,,,,,,,,,,,,,,,True,,,True,True,True,True,True,True,True,True,True,True,True,https://www.nintendo.com/games/detail/miitomo-ios,,2019-05-15 01:29:39
Dragalia Lost,Android,$0.00,,True,,,,Nintendo,Nintendo / Cygames,Teen,"Sep 27, 2018",1 player,,,,,True,,,,,,,,,,True,,,,,True,True,True,True,True,True,True,True,True,True,https://www.nintendo.com/games/detail/dragalia-lost-android,https://dragalialost.com/en/,2019-05-15 01:29:40
Animal Crossing: Pocket Camp,Android,$0.00,,True,,,,Nintendo,,Everyone,"Nov 22, 2017",1 player,,,,,,,,,,,,,,,,True,,,,True,True,True,True,True,True,True,True,True,True,https://www.nintendo.com/games/detail/animal-crossing-pocket-camp-android,https://events.ac-pocketcamp.com/en-US/notify_me,2019-05-15 01:29:40
SUPER MARIO RUN,Android,$9.99,,True,,,,Nintendo,,,"Dec 15, 2016",1 player,,,,,True,True,,,,,,,,,,,,,,True,True,True,True,True,True,True,True,True,True,https://www.nintendo.com/games/detail/super-mario-run-android,https://supermariorun.com/,2019-05-15 01:29:41
Nintendo Switch Online,Android,,,True,,,,Nintendo,,,"Jul 21, 2017",1 player,,,,,,,True,,,,,,,,,,,,,True,True,True,True,True,True,True,True,True,True,https://www.nintendo.com/games/detail/nintendo-switch-online-android,,2019-05-15 01:29:42
Nintendo Switch Parental Controls,Android,$0.00,,True,,,,Nintendo,,,"Mar 02, 2017",1 player,,,,,,,True,,,,,,,,,,,,True,True,True,True,True,True,True,True,True,True,True,https://www.nintendo.com/games/detail/nintendo-switch-parental-controls-android,,2019-05-15 01:29:42
Fire Emblem Heroes,Android,$0.00,,True,,,,Nintendo,Intelligent Systems,Teen,"Feb 02, 2017",1 player,,,,,,,,,,,,,,,True,True,,,,True,True,True,True,True,True,True,True,True,True,https://www.nintendo.com/games/detail/fire-emblem-heroes-android,https://fire-emblem-heroes.com/en/,2019-05-15 01:29:43
Miitomo,Android,$0.00,,,,,,Nintendo,,Everyone,"Mar 31, 2016",1 player,,,,,,,,,,,,,,,,True,,,True,True,True,True,True,True,True,True,True,True,True,https://www.nintendo.com/games/detail/miitomo-android,,2019-05-15 01:29:43
